{"stats":{"minecraft:crafted":{"minecraft:oak_planks":20,"minecraft:stone_shovel":1,"minecraft:crafting_table":1,"minecraft:stick":12,"minecraft:wooden_pickaxe":1,"minecraft:stone_pickaxe":1,"minecraft:stone_hoe":1,"minecraft:stone_axe":1,"minecraft:bread":140,"minecraft:wheat":423},"minecraft:custom":{"minecraft:time_since_rest":1932,"minecraft:sprint_one_cm":92963,"minecraft:damage_taken":105,"minecraft:walk_one_cm":35923,"minecraft:mob_kills":8,"minecraft:drop":3,"minecraft:damage_dealt":1355,"minecraft:talked_to_villager":1,"minecraft:swim_one_cm":632,"minecraft:interact_with_crafting_table":10,"minecraft:fly_one_cm":60099,"minecraft:open_chest":5,"minecraft:crouch_one_cm":312,"minecraft:play_time":24549,"minecraft:sneak_time":61,"minecraft:walk_under_water_one_cm":167,"minecraft:jump":274,"minecraft:time_since_death":24549,"minecraft:leave_game":4,"minecraft:walk_on_water_one_cm":962,"minecraft:sleep_in_bed":4,"minecraft:total_world_time":24549,"minecraft:fall_one_cm":5860},"minecraft:dropped":{"minecraft:bread":64,"minecraft:wooden_pickaxe":2},"minecraft:mined":{"minecraft:seagrass":1,"minecraft:hay_block":48,"minecraft:white_bed":4,"minecraft:carrots":36,"minecraft:fire":1,"minecraft:wheat":54,"minecraft:yellow_bed":6,"minecraft:crafting_table":1,"minecraft:short_grass":8,"minecraft:potatoes":10,"minecraft:oak_log":8,"minecraft:beetroots":4,"minecraft:cobblestone":10,"minecraft:stonecutter":1,"minecraft:composter":4,"minecraft:white_wool":3},"minecraft:used":{"minecraft:stone_shovel":3,"minecraft:bread":4,"minecraft:stone_pickaxe":4,"minecraft:wooden_pickaxe":10,"minecraft:stone_hoe":53,"minecraft:stone_axe":31,"minecraft:white_wool":3,"minecraft:crafting_table":1,"minecraft:white_bed":2,"minecraft:yellow_bed":1},"minecraft:picked_up":{"minecraft:crafting_table":2,"minecraft:wheat":4,"minecraft:composter":4,"minecraft:leather":2,"minecraft:wooden_pickaxe":1,"minecraft:potato":10,"minecraft:oak_log":5,"minecraft:white_bed":4,"minecraft:yellow_bed":6,"minecraft:carrot":36,"minecraft:beetroot":1,"minecraft:stonecutter":1,"minecraft:beetroot_seeds":4,"minecraft:wheat_seeds":63,"minecraft:hay_block":47,"minecraft:beef":7,"minecraft:mutton":7,"minecraft:white_wool":8,"minecraft:cobblestone":10},"minecraft:killed":{"minecraft:sheep":5,"minecraft:cow":3}},"DataVersion":3700}