{"stats":{"minecraft:custom":{"minecraft:jump":59,"minecraft:time_since_rest":3524,"minecraft:crouch_one_cm":312,"minecraft:sneak_time":61,"minecraft:damage_dealt":15,"minecraft:leave_game":4,"minecraft:play_time":10518,"minecraft:sprint_one_cm":11436,"minecraft:damage_taken":35,"minecraft:time_since_death":10518,"minecraft:walk_one_cm":6417,"minecraft:sleep_in_bed":2,"minecraft:total_world_time":10518,"minecraft:fall_one_cm":1045,"minecraft:fly_one_cm":11542},"minecraft:mined":{"minecraft:white_bed":1,"minecraft:yellow_bed":1},"minecraft:picked_up":{"minecraft:white_bed":1,"minecraft:yellow_bed":1},"minecraft:used":{"minecraft:yellow_bed":1,"minecraft:white_bed":1}},"DataVersion":3700}