{"stats":{"minecraft:crafted":{"minecraft:oak_planks":20,"minecraft:crafting_table":1,"minecraft:stick":8,"minecraft:wooden_pickaxe":1},"minecraft:custom":{"minecraft:time_since_rest":5555,"minecraft:crouch_one_cm":312,"minecraft:sprint_one_cm":18054,"minecraft:play_time":12549,"minecraft:damage_taken":35,"minecraft:walk_one_cm":9406,"minecraft:sneak_time":61,"minecraft:jump":75,"minecraft:damage_dealt":15,"minecraft:leave_game":4,"minecraft:time_since_death":12549,"minecraft:sleep_in_bed":2,"minecraft:total_world_time":12549,"minecraft:interact_with_crafting_table":3,"minecraft:fall_one_cm":1045,"minecraft:fly_one_cm":15333},"minecraft:mined":{"minecraft:short_grass":3,"minecraft:oak_log":5,"minecraft:white_bed":1,"minecraft:cobblestone":8,"minecraft:yellow_bed":1},"minecraft:used":{"minecraft:yellow_bed":1,"minecraft:white_bed":1,"minecraft:wooden_pickaxe":8},"minecraft:picked_up":{"minecraft:wheat_seeds":1,"minecraft:oak_log":5,"minecraft:yellow_bed":1,"minecraft:white_bed":1,"minecraft:cobblestone":8}},"DataVersion":3700}