{"stats":{"minecraft:crafted":{"minecraft:oak_door":3,"minecraft:oak_planks":20,"minecraft:stone_shovel":1,"minecraft:crafting_table":1,"minecraft:stick":12,"minecraft:wooden_pickaxe":1,"minecraft:stone_pickaxe":1,"minecraft:stone_hoe":1,"minecraft:stone_axe":1,"minecraft:bread":140,"minecraft:wheat":423},"minecraft:custom":{"minecraft:time_since_rest":14331,"minecraft:sprint_one_cm":130088,"minecraft:damage_taken":165,"minecraft:walk_one_cm":41783,"minecraft:mob_kills":11,"minecraft:drop":4,"minecraft:damage_dealt":1635,"minecraft:talked_to_villager":1,"minecraft:swim_one_cm":40867,"minecraft:interact_with_crafting_table":12,"minecraft:fly_one_cm":107573,"minecraft:open_chest":5,"minecraft:crouch_one_cm":2203,"minecraft:play_time":36948,"minecraft:sneak_time":1010,"minecraft:walk_under_water_one_cm":15881,"minecraft:jump":455,"minecraft:time_since_death":36948,"minecraft:leave_game":5,"minecraft:walk_on_water_one_cm":5648,"minecraft:sleep_in_bed":4,"minecraft:total_world_time":36948,"minecraft:fall_one_cm":9649},"minecraft:dropped":{"minecraft:bread":65,"minecraft:wooden_pickaxe":2},"minecraft:mined":{"minecraft:seagrass":1,"minecraft:hay_block":48,"minecraft:white_bed":4,"minecraft:carrots":36,"minecraft:oak_door":4,"minecraft:fire":1,"minecraft:wheat":54,"minecraft:smoker":1,"minecraft:yellow_bed":6,"minecraft:crafting_table":2,"minecraft:granite":8,"minecraft:short_grass":9,"minecraft:grass_block":1,"minecraft:potatoes":10,"minecraft:oak_log":8,"minecraft:beetroots":4,"minecraft:stone":24,"minecraft:cobblestone":10,"minecraft:stonecutter":1,"minecraft:composter":4,"minecraft:white_wool":4},"minecraft:used":{"minecraft:oak_planks":1,"minecraft:stone_shovel":4,"minecraft:bread":8,"minecraft:stone_pickaxe":38,"minecraft:wooden_pickaxe":10,"minecraft:stone_hoe":53,"minecraft:oak_door":9,"minecraft:stone_axe":40,"minecraft:white_wool":5,"minecraft:crafting_table":3,"minecraft:white_bed":2,"minecraft:yellow_bed":1},"minecraft:picked_up":{"minecraft:crafting_table":3,"minecraft:wheat":4,"minecraft:oak_door":6,"minecraft:composter":4,"minecraft:leather":4,"minecraft:wooden_pickaxe":1,"minecraft:smoker":1,"minecraft:potato":10,"minecraft:oak_log":5,"minecraft:white_bed":4,"minecraft:yellow_bed":6,"minecraft:carrot":36,"minecraft:dirt":1,"minecraft:beetroot":1,"minecraft:stonecutter":1,"minecraft:beetroot_seeds":4,"minecraft:wheat_seeds":63,"minecraft:hay_block":47,"minecraft:beef":10,"minecraft:granite":8,"minecraft:bread":1,"minecraft:mutton":8,"minecraft:white_wool":10,"minecraft:cobblestone":33},"minecraft:killed":{"minecraft:sheep":6,"minecraft:cow":5}},"DataVersion":3700}