{"stats":{"minecraft:crafted":{"minecraft:oak_door":3,"minecraft:oak_planks":32,"minecraft:stone_shovel":1,"minecraft:crafting_table":1,"minecraft:stick":8,"minecraft:stone_pickaxe":1,"minecraft:stone_hoe":1,"minecraft:stone_axe":1,"minecraft:bread":132,"minecraft:wheat":396},"minecraft:custom":{"minecraft:time_since_rest":5153,"minecraft:sprint_one_cm":31984,"minecraft:damage_taken":90,"minecraft:walk_one_cm":16102,"minecraft:drop":3,"minecraft:damage_dealt":201,"minecraft:talked_to_villager":1,"minecraft:interact_with_crafting_table":10,"minecraft:swim_one_cm":433,"minecraft:fly_one_cm":48749,"minecraft:open_chest":2,"minecraft:play_time":11724,"minecraft:sneak_time":143,"minecraft:walk_under_water_one_cm":2255,"minecraft:jump":197,"minecraft:time_since_death":11724,"minecraft:walk_on_water_one_cm":2115,"minecraft:sleep_in_bed":1,"minecraft:total_world_time":11724,"minecraft:fall_one_cm":4240},"minecraft:dropped":{"minecraft:bread":65,"minecraft:wheat_seeds":1},"minecraft:mined":{"minecraft:hay_block":49,"minecraft:white_bed":4,"minecraft:oak_door":1,"minecraft:cobblestone_stairs":1,"minecraft:yellow_bed":2,"minecraft:short_grass":8,"minecraft:blast_furnace":1,"minecraft:oak_log":5,"minecraft:oak_stairs":1,"minecraft:stripped_oak_log":4,"minecraft:cobblestone":14,"minecraft:composter":2},"minecraft:used":{"minecraft:bread":3,"minecraft:stone_pickaxe":13,"minecraft:wooden_pickaxe":5,"minecraft:stone_hoe":53,"minecraft:stone_axe":10,"minecraft:oak_door":2,"minecraft:crafting_table":1,"minecraft:white_bed":1},"minecraft:picked_up":{"minecraft:stripped_oak_log":3,"minecraft:oak_door":1,"minecraft:composter":2,"minecraft:wooden_pickaxe":1,"minecraft:oak_stairs":1,"minecraft:oak_log":5,"minecraft:blast_furnace":1,"minecraft:white_bed":4,"minecraft:yellow_bed":2,"minecraft:cobblestone_stairs":2,"minecraft:wheat_seeds":2,"minecraft:hay_block":45,"minecraft:bread":1,"minecraft:cobblestone":13}},"DataVersion":3700}