{"stats":{"minecraft:crafted":{"minecraft:oak_door":6,"minecraft:oak_planks":60,"minecraft:stone_shovel":1,"minecraft:diamond_sword":1,"minecraft:crafting_table":2,"minecraft:wooden_pickaxe":1,"minecraft:stone_axe":1,"minecraft:bread":140,"minecraft:golden_apple":1,"minecraft:iron_axe":1,"minecraft:stick":20,"minecraft:stone_pickaxe":1,"minecraft:chest":1,"minecraft:stone_hoe":1,"minecraft:wheat":423},"minecraft:custom":{"minecraft:mob_kills":17,"minecraft:interact_with_crafting_table":20,"minecraft:leave_game":5,"minecraft:time_since_death":51061,"minecraft:sleep_in_bed":5,"minecraft:time_since_rest":9555,"minecraft:sprint_one_cm":151679,"minecraft:damage_taken":495,"minecraft:walk_one_cm":55824,"minecraft:drop":21,"minecraft:damage_dealt":2203,"minecraft:swim_one_cm":55885,"minecraft:talked_to_villager":1,"minecraft:fly_one_cm":127879,"minecraft:open_chest":16,"minecraft:crouch_one_cm":2344,"minecraft:play_time":51061,"minecraft:sneak_time":1362,"minecraft:walk_under_water_one_cm":27791,"minecraft:jump":572,"minecraft:walk_on_water_one_cm":8426,"minecraft:interact_with_smoker":1,"minecraft:total_world_time":51061,"minecraft:fall_one_cm":11530},"minecraft:dropped":{"minecraft:gravel":1,"minecraft:water_bucket":1,"minecraft:iron_ingot":25,"minecraft:bread":66,"minecraft:stone_axe":2,"minecraft:diamond":2,"minecraft:wheat":3,"minecraft:stone_shovel":1,"minecraft:granite":8,"minecraft:flint_and_steel":1,"minecraft:flint":1,"minecraft:dirt":1,"minecraft:sand":5,"minecraft:bow":1,"minecraft:wooden_pickaxe":2,"minecraft:bone":2},"minecraft:mined":{"minecraft:white_bed":4,"minecraft:oak_door":5,"minecraft:smoker":1,"minecraft:crafting_table":3,"minecraft:granite":8,"minecraft:short_grass":10,"minecraft:grass_block":1,"minecraft:cobblestone":10,"minecraft:composter":4,"minecraft:hay_block":48,"minecraft:seagrass":1,"minecraft:carrots":36,"minecraft:wheat":54,"minecraft:fire":1,"minecraft:yellow_bed":6,"minecraft:potatoes":10,"minecraft:oak_log":18,"minecraft:beetroots":4,"minecraft:gravel":2,"minecraft:sand":13,"minecraft:stonecutter":1,"minecraft:stone":24,"minecraft:white_wool":4},"minecraft:used":{"minecraft:stone_shovel":14,"minecraft:stone_pickaxe":38,"minecraft:oak_planks":1,"minecraft:chest":1,"minecraft:wooden_pickaxe":10,"minecraft:stone_hoe":53,"minecraft:oak_door":11,"minecraft:white_wool":5,"minecraft:dirt":11,"minecraft:crafting_table":6,"minecraft:white_bed":2,"minecraft:smoker":1,"minecraft:iron_axe":12,"minecraft:bread":14,"minecraft:stone_axe":48,"minecraft:diamond_sword":1,"minecraft:yellow_bed":1},"minecraft:picked_up":{"minecraft:crafting_table":4,"minecraft:wheat":4,"minecraft:water_bucket":1,"minecraft:leather":6,"minecraft:wooden_pickaxe":1,"minecraft:smoker":1,"minecraft:potato":10,"minecraft:flint":1,"minecraft:oak_log":15,"minecraft:yellow_bed":6,"minecraft:dirt":65,"minecraft:flint_and_steel":1,"minecraft:bone":2,"minecraft:apple":8,"minecraft:beetroot":1,"minecraft:bow":1,"minecraft:stonecutter":1,"minecraft:wheat_seeds":63,"minecraft:beef":14,"minecraft:oak_door":8,"minecraft:composter":4,"minecraft:gravel":1,"minecraft:sand":13,"minecraft:white_bed":4,"minecraft:carrot":36,"minecraft:arrow":2,"minecraft:stone_shovel":1,"minecraft:stone_axe":1,"minecraft:beetroot_seeds":4,"minecraft:hay_block":47,"minecraft:granite":8,"minecraft:bread":2,"minecraft:mutton":8,"minecraft:cobblestone":33,"minecraft:white_wool":10},"minecraft:killed":{"minecraft:iron_golem":1,"minecraft:sheep":6,"minecraft:skeleton":2,"minecraft:cow":8}},"DataVersion":3700}