{"stats":{"minecraft:crafted":{"minecraft:oak_door":3,"minecraft:oak_planks":32,"minecraft:stone_shovel":1,"minecraft:crafting_table":1,"minecraft:stick":8,"minecraft:stone_pickaxe":1,"minecraft:stone_hoe":1,"minecraft:stone_axe":1,"minecraft:bread":132,"minecraft:wheat":396},"minecraft:custom":{"minecraft:time_since_rest":3816,"minecraft:sprint_one_cm":38583,"minecraft:damage_taken":190,"minecraft:walk_one_cm":19096,"minecraft:drop":5,"minecraft:damage_dealt":201,"minecraft:talked_to_villager":1,"minecraft:interact_with_crafting_table":10,"minecraft:swim_one_cm":25850,"minecraft:fly_one_cm":78339,"minecraft:open_chest":7,"minecraft:play_time":23724,"minecraft:sneak_time":713,"minecraft:walk_under_water_one_cm":25614,"minecraft:jump":282,"minecraft:time_since_death":23724,"minecraft:walk_on_water_one_cm":4679,"minecraft:sleep_in_bed":2,"minecraft:total_world_time":23724,"minecraft:fall_one_cm":6330},"minecraft:dropped":{"minecraft:bread":65,"minecraft:wheat_seeds":1,"minecraft:cooked_cod":1,"minecraft:stone_pickaxe":1},"minecraft:mined":{"minecraft:hay_block":49,"minecraft:white_bed":4,"minecraft:oak_door":4,"minecraft:cobblestone_stairs":1,"minecraft:yellow_bed":3,"minecraft:granite":7,"minecraft:short_grass":10,"minecraft:blast_furnace":1,"minecraft:oak_log":5,"minecraft:oak_stairs":1,"minecraft:sand":18,"minecraft:gravel":2,"minecraft:stripped_oak_log":4,"minecraft:cobblestone":14,"minecraft:stone":17,"minecraft:composter":2,"minecraft:diorite":2},"minecraft:used":{"minecraft:glass_bottle":1,"minecraft:bread":5,"minecraft:stone_pickaxe":46,"minecraft:wooden_pickaxe":5,"minecraft:stone_hoe":53,"minecraft:stone_axe":13,"minecraft:oak_door":8,"minecraft:sand":4,"minecraft:potion":1,"minecraft:crafting_table":1,"minecraft:cooked_cod":1,"minecraft:yellow_bed":1,"minecraft:white_bed":1,"minecraft:granite":4},"minecraft:picked_up":{"minecraft:stripped_oak_log":3,"minecraft:oak_door":5,"minecraft:composter":2,"minecraft:wooden_pickaxe":1,"minecraft:oak_stairs":1,"minecraft:gravel":1,"minecraft:sand":12,"minecraft:flint":1,"minecraft:oak_log":5,"minecraft:blast_furnace":1,"minecraft:white_bed":4,"minecraft:yellow_bed":3,"minecraft:cobblestone_stairs":2,"minecraft:wheat_seeds":2,"minecraft:hay_block":45,"minecraft:stone_pickaxe":1,"minecraft:granite":7,"minecraft:bread":1,"minecraft:cobblestone":30}},"DataVersion":3700}