{"stats":{"minecraft:crafted":{"minecraft:oak_planks":76,"minecraft:stone_shovel":1,"minecraft:shield":1,"minecraft:iron_axe":1,"minecraft:crafting_table":2,"minecraft:iron_pickaxe":1,"minecraft:stick":16,"minecraft:wooden_pickaxe":1,"minecraft:stone_pickaxe":1,"minecraft:stone_axe":1,"minecraft:bread":48,"minecraft:wheat":144},"minecraft:custom":{"minecraft:time_since_rest":2072,"minecraft:sprint_one_cm":118917,"minecraft:damage_taken":166,"minecraft:walk_one_cm":99935,"minecraft:mob_kills":2,"minecraft:drop":7,"minecraft:damage_dealt":1953,"minecraft:talked_to_villager":2,"minecraft:swim_one_cm":3409,"minecraft:interact_with_crafting_table":14,"minecraft:fly_one_cm":221714,"minecraft:open_chest":3,"minecraft:crouch_one_cm":7035,"minecraft:play_time":38349,"minecraft:bell_ring":21,"minecraft:sneak_time":1918,"minecraft:walk_under_water_one_cm":1106,"minecraft:jump":874,"minecraft:time_since_death":38349,"minecraft:walk_on_water_one_cm":2035,"minecraft:sleep_in_bed":3,"minecraft:total_world_time":38349,"minecraft:fall_one_cm":25432},"minecraft:dropped":{"minecraft:stone_axe":1,"minecraft:wheat_seeds":7,"minecraft:stripped_oak_log":1,"minecraft:stone_pickaxe":1,"minecraft:wooden_pickaxe":1,"minecraft:light_weighted_pressure_plate":1},"minecraft:broken":{"minecraft:stone_shovel":1},"minecraft:mined":{"minecraft:hay_block":16,"minecraft:white_bed":4,"minecraft:cobblestone_stairs":2,"minecraft:torch":6,"minecraft:yellow_bed":9,"minecraft:crafting_table":3,"minecraft:short_grass":26,"minecraft:grass_block":131,"minecraft:oak_log":19,"minecraft:dirt_path":3,"minecraft:dirt":20,"minecraft:tall_grass":1,"minecraft:cobblestone":13,"minecraft:stonecutter":1,"minecraft:stone":15,"minecraft:composter":1,"minecraft:sugar_cane":4,"minecraft:wall_torch":11},"minecraft:used":{"minecraft:cobblestone_stairs":1,"minecraft:iron_axe":9,"minecraft:stone_shovel":136,"minecraft:bread":10,"minecraft:stone_pickaxe":12,"minecraft:iron_pickaxe":16,"minecraft:poppy":2,"minecraft:wooden_pickaxe":3,"minecraft:sugar_cane":8,"minecraft:stone_axe":40,"minecraft:torch":15,"minecraft:dirt":136,"minecraft:cobblestone":1,"minecraft:crafting_table":4,"minecraft:white_bed":4,"minecraft:yellow_bed":10},"minecraft:picked_up":{"minecraft:stripped_oak_log":1,"minecraft:crafting_table":3,"minecraft:composter":1,"minecraft:torch":17,"minecraft:oak_log":19,"minecraft:yellow_bed":10,"minecraft:white_bed":5,"minecraft:cobblestone_stairs":1,"minecraft:dirt":152,"minecraft:stonecutter":1,"minecraft:wheat_seeds":7,"minecraft:hay_block":16,"minecraft:iron_ingot":9,"minecraft:poppy":2,"minecraft:bread":64,"minecraft:sugar_cane":8,"minecraft:cobblestone":25},"minecraft:killed":{"minecraft:iron_golem":2}},"DataVersion":3700}