{"stats":{"minecraft:crafted":{"minecraft:oak_planks":76,"minecraft:stone_shovel":1,"minecraft:shield":1,"minecraft:iron_axe":1,"minecraft:crafting_table":2,"minecraft:iron_pickaxe":1,"minecraft:stick":16,"minecraft:wooden_pickaxe":1,"minecraft:stone_pickaxe":1,"minecraft:stone_axe":1,"minecraft:bread":48,"minecraft:wheat":144},"minecraft:custom":{"minecraft:time_since_rest":3816,"minecraft:sprint_one_cm":69471,"minecraft:damage_taken":86,"minecraft:walk_one_cm":75200,"minecraft:mob_kills":2,"minecraft:drop":7,"minecraft:damage_dealt":1953,"minecraft:talked_to_villager":2,"minecraft:swim_one_cm":2781,"minecraft:interact_with_crafting_table":14,"minecraft:fly_one_cm":130846,"minecraft:open_chest":3,"minecraft:crouch_one_cm":5025,"minecraft:play_time":26349,"minecraft:sneak_time":1055,"minecraft:walk_under_water_one_cm":351,"minecraft:jump":502,"minecraft:time_since_death":26349,"minecraft:walk_on_water_one_cm":703,"minecraft:sleep_in_bed":2,"minecraft:total_world_time":26349,"minecraft:fall_one_cm":13192},"minecraft:dropped":{"minecraft:stone_axe":1,"minecraft:wheat_seeds":7,"minecraft:stripped_oak_log":1,"minecraft:stone_pickaxe":1,"minecraft:wooden_pickaxe":1,"minecraft:light_weighted_pressure_plate":1},"minecraft:broken":{"minecraft:stone_shovel":1},"minecraft:mined":{"minecraft:hay_block":16,"minecraft:white_bed":2,"minecraft:cobblestone_stairs":2,"minecraft:torch":6,"minecraft:yellow_bed":5,"minecraft:crafting_table":3,"minecraft:short_grass":23,"minecraft:grass_block":131,"minecraft:oak_log":19,"minecraft:dirt":12,"minecraft:cobblestone":13,"minecraft:wall_torch":11},"minecraft:used":{"minecraft:cobblestone_stairs":1,"minecraft:iron_axe":2,"minecraft:stone_shovel":136,"minecraft:bread":5,"minecraft:stone_pickaxe":12,"minecraft:poppy":2,"minecraft:wooden_pickaxe":3,"minecraft:stone_axe":40,"minecraft:torch":15,"minecraft:dirt":108,"minecraft:cobblestone":1,"minecraft:crafting_table":4,"minecraft:white_bed":3,"minecraft:yellow_bed":5},"minecraft:picked_up":{"minecraft:stripped_oak_log":1,"minecraft:crafting_table":3,"minecraft:torch":17,"minecraft:oak_log":19,"minecraft:yellow_bed":5,"minecraft:white_bed":2,"minecraft:cobblestone_stairs":1,"minecraft:dirt":143,"minecraft:wheat_seeds":7,"minecraft:hay_block":16,"minecraft:iron_ingot":9,"minecraft:poppy":2,"minecraft:bread":64,"minecraft:cobblestone":13},"minecraft:killed":{"minecraft:iron_golem":2}},"DataVersion":3700}