{"stats":{"minecraft:crafted":{"minecraft:oak_planks":116,"minecraft:stone_shovel":3,"minecraft:diamond_sword":1,"minecraft:crafting_table":2,"minecraft:wooden_pickaxe":1,"minecraft:bucket":1,"minecraft:stone_axe":1,"minecraft:bread":42,"minecraft:shield":1,"minecraft:iron_axe":1,"minecraft:stick":144,"minecraft:iron_pickaxe":1,"minecraft:stone_pickaxe":1,"minecraft:stone_sword":1,"minecraft:chest":1,"minecraft:torch":12,"minecraft:wheat":126},"minecraft:custom":{"minecraft:mob_kills":7,"minecraft:interact_with_crafting_table":23,"minecraft:leave_game":1,"minecraft:time_since_death":12169,"minecraft:sleep_in_bed":3,"minecraft:time_since_rest":9555,"minecraft:sprint_one_cm":124171,"minecraft:damage_taken":1083,"minecraft:walk_one_cm":102536,"minecraft:damage_blocked_by_shield":60,"minecraft:drop":16,"minecraft:damage_dealt":6324,"minecraft:swim_one_cm":3471,"minecraft:talked_to_villager":2,"minecraft:fly_one_cm":234531,"minecraft:open_chest":13,"minecraft:crouch_one_cm":10168,"minecraft:play_time":53341,"minecraft:deaths":2,"minecraft:sneak_time":3013,"minecraft:walk_under_water_one_cm":611,"minecraft:jump":1042,"minecraft:walk_on_water_one_cm":1885,"minecraft:total_world_time":53341,"minecraft:fall_one_cm":31956},"minecraft:dropped":{"minecraft:stone_axe":1,"minecraft:wheat_seeds":3,"minecraft:stone_sword":1,"minecraft:crafting_table":1,"minecraft:oak_planks":7,"minecraft:stone_pickaxe":1,"minecraft:wooden_pickaxe":1,"minecraft:white_wool":1},"minecraft:killed_by":{"minecraft:skeleton":1,"minecraft:zombie":1},"minecraft:broken":{"minecraft:stone_shovel":1},"minecraft:mined":{"minecraft:white_bed":2,"minecraft:brewing_stand":1,"minecraft:crafting_table":2,"minecraft:short_grass":6,"minecraft:blast_furnace":1,"minecraft:grass_block":107,"minecraft:cobblestone":13,"minecraft:composter":1,"minecraft:wall_torch":2,"minecraft:hay_block":14,"minecraft:iron_ore":2,"minecraft:fire":1,"minecraft:yellow_bed":1,"minecraft:oak_log":30,"minecraft:coal_ore":9,"minecraft:dirt_path":1,"minecraft:dirt":139,"minecraft:stone":7},"minecraft:used":{"minecraft:water_bucket":5,"minecraft:stone_sword":15,"minecraft:stone_shovel":245,"minecraft:stone_pickaxe":30,"minecraft:oak_planks":13,"minecraft:poppy":6,"minecraft:shield":1,"minecraft:chest":1,"minecraft:wooden_pickaxe":3,"minecraft:torch":6,"minecraft:dirt":126,"minecraft:crafting_table":3,"minecraft:white_bed":3,"minecraft:bread":15,"minecraft:stone_axe":76,"minecraft:diamond_sword":3,"minecraft:fire_charge":2,"minecraft:bucket":6,"minecraft:yellow_bed":6,"minecraft:egg":1},"minecraft:picked_up":{"minecraft:crafting_table":2,"minecraft:water_bucket":2,"minecraft:brewing_stand":1,"minecraft:oak_log":29,"minecraft:yellow_bed":1,"minecraft:shield":2,"minecraft:dirt":615,"minecraft:string":1,"minecraft:flint_and_steel":2,"minecraft:bone":2,"minecraft:bow":1,"minecraft:wheat_seeds":3,"minecraft:iron_ingot":49,"minecraft:stone_pickaxe":2,"minecraft:poppy":6,"minecraft:oak_planks":7,"minecraft:egg":1,"minecraft:stick":6,"minecraft:raw_iron":2,"minecraft:composter":1,"minecraft:torch":6,"minecraft:blast_furnace":1,"minecraft:white_bed":2,"minecraft:stone_sword":2,"minecraft:stone_shovel":4,"minecraft:diamond":2,"minecraft:stone_axe":2,"minecraft:hay_block":14,"minecraft:bread":259,"minecraft:mutton":2,"minecraft:coal":15,"minecraft:white_wool":1,"minecraft:cobblestone":20},"minecraft:killed":{"minecraft:spider":1,"minecraft:iron_golem":5,"minecraft:sheep":1}},"DataVersion":3700}