{"stats":{"minecraft:crafted":{"minecraft:oak_planks":48,"minecraft:stone_shovel":3,"minecraft:shield":1,"minecraft:crafting_table":2,"minecraft:stick":16,"minecraft:wooden_pickaxe":1,"minecraft:stone_pickaxe":1,"minecraft:stone_sword":1,"minecraft:chest":1,"minecraft:bucket":1,"minecraft:stone_axe":1,"minecraft:bread":42,"minecraft:wheat":126},"minecraft:custom":{"minecraft:time_since_rest":13932,"minecraft:sprint_one_cm":66214,"minecraft:damage_taken":95,"minecraft:walk_one_cm":70308,"minecraft:mob_kills":4,"minecraft:drop":12,"minecraft:damage_dealt":2474,"minecraft:swim_one_cm":3471,"minecraft:talked_to_villager":1,"minecraft:interact_with_crafting_table":16,"minecraft:fly_one_cm":116450,"minecraft:open_chest":11,"minecraft:crouch_one_cm":7952,"minecraft:play_time":35341,"minecraft:sneak_time":2193,"minecraft:walk_under_water_one_cm":88,"minecraft:jump":521,"minecraft:sleep_in_bed":2,"minecraft:leave_game":1,"minecraft:walk_on_water_one_cm":1651,"minecraft:time_since_death":35341,"minecraft:total_world_time":35341,"minecraft:fall_one_cm":15216},"minecraft:dropped":{"minecraft:wheat_seeds":2,"minecraft:crafting_table":1,"minecraft:oak_planks":7,"minecraft:wooden_pickaxe":1,"minecraft:white_wool":1},"minecraft:broken":{"minecraft:stone_shovel":1},"minecraft:mined":{"minecraft:hay_block":14,"minecraft:white_bed":2,"minecraft:fire":1,"minecraft:yellow_bed":1,"minecraft:crafting_table":2,"minecraft:coal_ore":3,"minecraft:short_grass":3,"minecraft:blast_furnace":1,"minecraft:grass_block":107,"minecraft:oak_log":14,"minecraft:dirt_path":1,"minecraft:dirt":138,"minecraft:stone":1,"minecraft:cobblestone":13,"minecraft:wall_torch":2},"minecraft:used":{"minecraft:water_bucket":2,"minecraft:stone_sword":2,"minecraft:stone_shovel":245,"minecraft:bread":6,"minecraft:stone_pickaxe":15,"minecraft:poppy":3,"minecraft:oak_planks":13,"minecraft:chest":1,"minecraft:wooden_pickaxe":3,"minecraft:stone_axe":34,"minecraft:fire_charge":2,"minecraft:dirt":21,"minecraft:crafting_table":3,"minecraft:white_bed":3,"minecraft:bucket":3,"minecraft:yellow_bed":6,"minecraft:egg":1},"minecraft:picked_up":{"minecraft:crafting_table":2,"minecraft:torch":2,"minecraft:oak_log":13,"minecraft:blast_furnace":1,"minecraft:yellow_bed":1,"minecraft:white_bed":2,"minecraft:dirt":246,"minecraft:wheat_seeds":2,"minecraft:hay_block":14,"minecraft:iron_ingot":12,"minecraft:bread":64,"minecraft:poppy":3,"minecraft:coal":3,"minecraft:oak_planks":7,"minecraft:mutton":2,"minecraft:cobblestone":14,"minecraft:white_wool":1,"minecraft:egg":1},"minecraft:killed":{"minecraft:sheep":1,"minecraft:iron_golem":3}},"DataVersion":3700}