{"stats":{"minecraft:crafted":{"minecraft:oak_planks":44,"minecraft:stone_shovel":1,"minecraft:crafting_table":2,"minecraft:stick":16,"minecraft:wooden_pickaxe":1,"minecraft:stone_pickaxe":1,"minecraft:stone_sword":1,"minecraft:chest":1,"minecraft:stone_axe":1,"minecraft:bread":42,"minecraft:wheat":126},"minecraft:custom":{"minecraft:time_since_rest":1932,"minecraft:sprint_one_cm":40131,"minecraft:damage_taken":95,"minecraft:walk_one_cm":35996,"minecraft:mob_kills":3,"minecraft:drop":10,"minecraft:damage_dealt":1475,"minecraft:swim_one_cm":3471,"minecraft:talked_to_villager":1,"minecraft:interact_with_crafting_table":12,"minecraft:fly_one_cm":66387,"minecraft:open_chest":5,"minecraft:crouch_one_cm":2409,"minecraft:play_time":23341,"minecraft:sneak_time":958,"minecraft:walk_under_water_one_cm":88,"minecraft:jump":299,"minecraft:sleep_in_bed":2,"minecraft:leave_game":1,"minecraft:walk_on_water_one_cm":622,"minecraft:time_since_death":23341,"minecraft:total_world_time":23341,"minecraft:fall_one_cm":9335},"minecraft:dropped":{"minecraft:crafting_table":1,"minecraft:oak_planks":7,"minecraft:wooden_pickaxe":1,"minecraft:white_wool":1},"minecraft:mined":{"minecraft:hay_block":14,"minecraft:white_bed":2,"minecraft:fire":1,"minecraft:yellow_bed":1,"minecraft:crafting_table":1,"minecraft:short_grass":2,"minecraft:blast_furnace":1,"minecraft:grass_block":5,"minecraft:oak_log":12,"minecraft:dirt":1,"minecraft:cobblestone":9,"minecraft:wall_torch":2},"minecraft:used":{"minecraft:stone_sword":2,"minecraft:stone_shovel":6,"minecraft:bread":4,"minecraft:stone_pickaxe":7,"minecraft:poppy":2,"minecraft:oak_planks":13,"minecraft:chest":1,"minecraft:wooden_pickaxe":3,"minecraft:stone_axe":22,"minecraft:fire_charge":2,"minecraft:crafting_table":2,"minecraft:yellow_bed":1,"minecraft:egg":1},"minecraft:picked_up":{"minecraft:crafting_table":1,"minecraft:torch":2,"minecraft:oak_log":11,"minecraft:blast_furnace":1,"minecraft:yellow_bed":1,"minecraft:white_bed":2,"minecraft:dirt":5,"minecraft:hay_block":14,"minecraft:iron_ingot":9,"minecraft:bread":64,"minecraft:poppy":2,"minecraft:oak_planks":7,"minecraft:mutton":2,"minecraft:cobblestone":9,"minecraft:white_wool":1,"minecraft:egg":1},"minecraft:killed":{"minecraft:sheep":1,"minecraft:iron_golem":2}},"DataVersion":3700}