{"stats":{"minecraft:crafted":{"minecraft:oak_planks":76,"minecraft:crafting_table":2,"minecraft:stick":8,"minecraft:wooden_pickaxe":1,"minecraft:stone_pickaxe":1,"minecraft:stone_axe":1,"minecraft:bread":48,"minecraft:wheat":144},"minecraft:custom":{"minecraft:time_since_rest":5153,"minecraft:sprint_one_cm":31059,"minecraft:damage_taken":36,"minecraft:walk_one_cm":28272,"minecraft:mob_kills":1,"minecraft:drop":2,"minecraft:damage_dealt":954,"minecraft:talked_to_villager":2,"minecraft:swim_one_cm":2781,"minecraft:interact_with_crafting_table":9,"minecraft:fly_one_cm":71080,"minecraft:open_chest":3,"minecraft:crouch_one_cm":2032,"minecraft:play_time":14349,"minecraft:sneak_time":559,"minecraft:walk_under_water_one_cm":351,"minecraft:jump":261,"minecraft:time_since_death":14349,"minecraft:walk_on_water_one_cm":314,"minecraft:sleep_in_bed":1,"minecraft:total_world_time":14349,"minecraft:fall_one_cm":6036},"minecraft:dropped":{"minecraft:stripped_oak_log":1,"minecraft:wooden_pickaxe":1},"minecraft:mined":{"minecraft:hay_block":16,"minecraft:white_bed":2,"minecraft:cobblestone_stairs":2,"minecraft:yellow_bed":4,"minecraft:crafting_table":1,"minecraft:short_grass":9,"minecraft:grass_block":1,"minecraft:oak_log":19,"minecraft:cobblestone":13},"minecraft:used":{"minecraft:cobblestone_stairs":1,"minecraft:bread":3,"minecraft:stone_pickaxe":12,"minecraft:wooden_pickaxe":3,"minecraft:stone_axe":31,"minecraft:cobblestone":1,"minecraft:crafting_table":2},"minecraft:picked_up":{"minecraft:stripped_oak_log":1,"minecraft:crafting_table":1,"minecraft:oak_log":19,"minecraft:yellow_bed":4,"minecraft:white_bed":2,"minecraft:cobblestone_stairs":1,"minecraft:dirt":1,"minecraft:wheat_seeds":1,"minecraft:hay_block":16,"minecraft:iron_ingot":5,"minecraft:bread":64,"minecraft:cobblestone":13},"minecraft:killed":{"minecraft:iron_golem":1}},"DataVersion":3700}