{"stats":{"minecraft:crafted":{"minecraft:stone_sword":1,"minecraft:oak_planks":24,"minecraft:stone_axe":1,"minecraft:crafting_table":1,"minecraft:stick":8,"minecraft:wooden_pickaxe":1,"minecraft:stone_pickaxe":1},"minecraft:custom":{"minecraft:time_since_rest":11341,"minecraft:crouch_one_cm":270,"minecraft:sprint_one_cm":8162,"minecraft:play_time":11341,"minecraft:damage_taken":55,"minecraft:walk_one_cm":19978,"minecraft:sneak_time":191,"minecraft:jump":59,"minecraft:damage_dealt":35,"minecraft:leave_game":1,"minecraft:time_since_death":11341,"minecraft:total_world_time":11341,"minecraft:interact_with_crafting_table":3,"minecraft:fall_one_cm":1933,"minecraft:fly_one_cm":10954},"minecraft:mined":{"minecraft:oak_log":6,"minecraft:cobblestone":8,"minecraft:wall_torch":2},"minecraft:used":{"minecraft:crafting_table":1,"minecraft:stone_pickaxe":5,"minecraft:oak_planks":4,"minecraft:wooden_pickaxe":3},"minecraft:picked_up":{"minecraft:torch":2,"minecraft:oak_log":6,"minecraft:cobblestone":8}},"DataVersion":3700}